pattern_id,worker_leaf_nodes,cost,mean_performance,mean_job_satisfaction,support_size,policy__Prehire Tests,policy__Structured Interviews,policy__Employee Participation,policy__Complaint Procedure,policy__Group Bonuses,policy__Individual Bonuses,policy__Performance Evaluation,policy__Goals Communication,policy__Suggestion Adoption,policy__Performance Pay,policy__Internal Promotion,policy__Job Autonomy,policy__Selective Hiring,policy__Pay Competitiveness,policy__Job Training,solution_id,setting,team_label,n_active_levers
P7,70|76|78,75.0,6.272222222222222,3.9253333333333327,1,1.0,7.0,4.0,6.0,1.0,1.0,6.0,4.0,2.0,1.0,6.0,1.0,1.0,1.0,2.0,D3070_S1,design,3070,
P6,81|81|81,105.0,4.5,5.553333333333334,1,1.0,3.0,1.0,4.0,1.0,5.0,6.0,2.0,2.0,3.0,5.0,6.0,4.0,3.0,1.0,D3070_S2,design,3070,
P8,70|77|78,106.0,5.922222222222222,4.147333333333333,1,4.0,4.0,5.0,2.0,1.0,1.0,7.0,4.0,4.0,2.0,7.0,6.0,2.0,1.0,4.0,D3070_S3,design,3070,
P4,88|89|88,108.0,6.555555555555556,6.4433333333333325,16,2.0,5.0,5.0,5.0,2.0,4.0,6.0,4.0,2.0,2.0,4.0,4.0,3.0,3.0,3.0,D3070_S4,design,3070,
P5,93|93|93,109.0,6.333333333333333,6.5566666666666675,1,2.0,7.0,3.0,5.0,6.0,5.0,5.0,6.0,4.0,3.0,3.0,2.0,2.0,3.0,1.0,D3070_S5,design,3070,
P2,87|89|87,110.0,6.666666666666667,6.704444444444445,16,2.0,4.0,4.0,5.0,2.0,4.0,5.0,4.0,3.0,3.0,5.0,4.0,3.0,3.0,3.0,D3070_S6,design,3070,
P3,106|106|105,113.0,6.833333333333333,6.444444444444444,16,2.0,6.0,6.0,3.0,2.0,2.0,6.0,5.0,2.0,2.0,5.0,4.0,5.0,4.0,2.0,D3070_S7,design,3070,
P1,124|124|123,118.0,6.916666666666667,6.593333333333334,16,2.0,6.0,5.0,6.0,2.0,2.0,5.0,5.0,5.0,2.0,4.0,5.0,5.0,3.0,3.0,D3070_S8,design,3070,
